Workbook

Sheet Participantes
A1: Seguimiento del Lote 1 — participantes y formularios — DATOS SIMULADOS
A2: Edita solo las celdas amarillas (columnas E a K y N). Las columnas B, C, D, L y M son fórmulas: no las sobrescribas. Código sin relación con el nombre de la persona.
A3: Código | B3: Formulario | C3: Páginas a imprimir | D3: Tipo | E3: Rango de edad | F3: Ocupación | G3: ¿Vive en Juliaca? | H3: ¿Trámite en el último año? | I3: Estado | J3: Fecha de aplicación | K3: Situaciones respondidas | L3: Situaciones del formulario | M3: % respondido | N3: Observaciones
A4: P01 | B4: =CHOOSE(MOD(VALUE(MID(A4,2,2))-1,5)+1,"A","B","C","D","E") -> A | C4: =INDEX(Formularios!$E$2:$E$6,MATCH(B4,Formularios!$A$2:$A$6,0)) -> 2–3 | D4: =IF(VALUE(MID(A4,2,2))<=Resumen!$B$4,"Base","Reserva") -> Base | E4: 30–44 | F4: Comerciante | G4: Sí | H4: Sí | I4: Transcrito | J4: 46300 | K4: 12 | L4: =INDEX(Formularios!$B$2:$B$6,MATCH(B4,Formularios!$A$2:$A$6,0)) -> 12 | M4: =IF(K4="","",K4/L4) -> 1 | N4: SIMULADO · Sin observaciones
A5: P02 | B5: =CHOOSE(MOD(VALUE(MID(A5,2,2))-1,5)+1,"A","B","C","D","E") -> B | C5: =INDEX(Formularios!$E$2:$E$6,MATCH(B5,Formularios!$A$2:$A$6,0)) -> 4–5 | D5: =IF(VALUE(MID(A5,2,2))<=Resumen!$B$4,"Base","Reserva") -> Base | E5: 18–29 | F5: Estudiante universitaria | G5: Sí | H5: No | I5: Transcrito | J5: 46300 | K5: 11 | L5: =INDEX(Formularios!$B$2:$B$6,MATCH(B5,Formularios!$A$2:$A$6,0)) -> 11 | M5: =IF(K5="","",K5/L5) -> 1 | N5: SIMULADO · Sin observaciones
A6: P03 | B6: =CHOOSE(MOD(VALUE(MID(A6,2,2))-1,5)+1,"A","B","C","D","E") -> C | C6: =INDEX(Formularios!$E$2:$E$6,MATCH(B6,Formularios!$A$2:$A$6,0)) -> 6–7 | D6: =IF(VALUE(MID(A6,2,2))<=Resumen!$B$4,"Base","Reserva") -> Base | E6: 45–59 | F6: Contador | G6: Sí | H6: Sí | I6: Transcrito | J6: 46300 | K6: 11 | L6: =INDEX(Formularios!$B$2:$B$6,MATCH(B6,Formularios!$A$2:$A$6,0)) -> 11 | M6: =IF(K6="","",K6/L6) -> 1 | N6: SIMULADO · Sin observaciones
A7: P04 | B7: =CHOOSE(MOD(VALUE(MID(A7,2,2))-1,5)+1,"A","B","C","D","E") -> D | C7: =INDEX(Formularios!$E$2:$E$6,MATCH(B7,Formularios!$A$2:$A$6,0)) -> 8–9 | D7: =IF(VALUE(MID(A7,2,2))<=Resumen!$B$4,"Base","Reserva") -> Base | E7: 30–44 | F7: Maestro de obra | G7: Sí | H7: Sí | I7: Transcrito | J7: 46300 | K7: 10 | L7: =INDEX(Formularios!$B$2:$B$6,MATCH(B7,Formularios!$A$2:$A$6,0)) -> 11 | M7: =IF(K7="","",K7/L7) -> 0.90909091 | N7: SIMULADO · En blanco: S49 (negar)
A8: P05 | B8: =CHOOSE(MOD(VALUE(MID(A8,2,2))-1,5)+1,"A","B","C","D","E") -> E | C8: =INDEX(Formularios!$E$2:$E$6,MATCH(B8,Formularios!$A$2:$A$6,0)) -> 10–11 | D8: =IF(VALUE(MID(A8,2,2))<=Resumen!$B$4,"Base","Reserva") -> Base | E8: 60 a más | F8: Jubilado | G8: Sí | H8: Sí | I8: Transcrito | J8: 46300 | K8: 9 | L8: =INDEX(Formularios!$B$2:$B$6,MATCH(B8,Formularios!$A$2:$A$6,0)) -> 11 | M8: =IF(K8="","",K8/L8) -> 0.81818182 | N8: SIMULADO · En blanco: S10 (alcabala) y S50 (fuera de alcance)
A9: P06 | B9: =CHOOSE(MOD(VALUE(MID(A9,2,2))-1,5)+1,"A","B","C","D","E") -> A | C9: =INDEX(Formularios!$E$2:$E$6,MATCH(B9,Formularios!$A$2:$A$6,0)) -> 2–3 | D9: =IF(VALUE(MID(A9,2,2))<=Resumen!$B$4,"Base","Reserva") -> Base | E9: 18–29 | F9: Mototaxista | G9: Sí | H9: No | I9: Transcrito | J9: 46301 | K9: 12 | L9: =INDEX(Formularios!$B$2:$B$6,MATCH(B9,Formularios!$A$2:$A$6,0)) -> 12 | M9: =IF(K9="","",K9/L9) -> 1 | N9: SIMULADO · Sin observaciones
A10: P07 | B10: =CHOOSE(MOD(VALUE(MID(A10,2,2))-1,5)+1,"A","B","C","D","E") -> B | C10: =INDEX(Formularios!$E$2:$E$6,MATCH(B10,Formularios!$A$2:$A$6,0)) -> 4–5 | D10: =IF(VALUE(MID(A10,2,2))<=Resumen!$B$4,"Base","Reserva") -> Base | E10: 45–59 | F10: Ama de casa | G10: Sí | H10: Sí | I10: Transcrito | J10: 46301 | K10: 11 | L10: =INDEX(Formularios!$B$2:$B$6,MATCH(B10,Formularios!$A$2:$A$6,0)) -> 11 | M10: =IF(K10="","",K10/L10) -> 1 | N10: SIMULADO · Sin observaciones
A11: P08 | B11: =CHOOSE(MOD(VALUE(MID(A11,2,2))-1,5)+1,"A","B","C","D","E") -> C | C11: =INDEX(Formularios!$E$2:$E$6,MATCH(B11,Formularios!$A$2:$A$6,0)) -> 6–7 | D11: =IF(VALUE(MID(A11,2,2))<=Resumen!$B$4,"Base","Reserva") -> Base | E11: 30–44 | F11: Abogada | G11: Sí | H11: Sí | I11: Transcrito | J11: 46301 | K11: 11 | L11: =INDEX(Formularios!$B$2:$B$6,MATCH(B11,Formularios!$A$2:$A$6,0)) -> 11 | M11: =IF(K11="","",K11/L11) -> 1 | N11: SIMULADO · Sin observaciones
A12: P09 | B12: =CHOOSE(MOD(VALUE(MID(A12,2,2))-1,5)+1,"A","B","C","D","E") -> D | C12: =INDEX(Formularios!$E$2:$E$6,MATCH(B12,Formularios!$A$2:$A$6,0)) -> 8–9 | D12: =IF(VALUE(MID(A12,2,2))<=Resumen!$B$4,"Base","Reserva") -> Base | E12: 60 a más | F12: Agricultor | G12: No | H12: Sí | I12: Transcrito | J12: 46301 | K12: 9 | L12: =INDEX(Formularios!$B$2:$B$6,MATCH(B12,Formularios!$A$2:$A$6,0)) -> 11 | M12: =IF(K12="","",K12/L12) -> 0.81818182 | N12: SIMULADO · Vive en Caracoto. En blanco: S19 y S44
A13: P10 | B13: =CHOOSE(MOD(VALUE(MID(A13,2,2))-1,5)+1,"A","B","C","D","E") -> E | C13: =INDEX(Formularios!$E$2:$E$6,MATCH(B13,Formularios!$A$2:$A$6,0)) -> 10–11 | D13: =IF(VALUE(MID(A13,2,2))<=Resumen!$B$4,"Base","Reserva") -> Base | E13: 18–29 | F13: Técnico en computación | G13: Sí | H13: No | I13: Transcrito | J13: 46301 | K13: 11 | L13: =INDEX(Formularios!$B$2:$B$6,MATCH(B13,Formularios!$A$2:$A$6,0)) -> 11 | M13: =IF(K13="","",K13/L13) -> 1 | N13: SIMULADO · Sin observaciones
A14: P11 | B14: =CHOOSE(MOD(VALUE(MID(A14,2,2))-1,5)+1,"A","B","C","D","E") -> A | C14: =INDEX(Formularios!$E$2:$E$6,MATCH(B14,Formularios!$A$2:$A$6,0)) -> 2–3 | D14: =IF(VALUE(MID(A14,2,2))<=Resumen!$B$4,"Base","Reserva") -> Base | E14: 45–59 | F14: Docente | G14: Sí | H14: Sí | I14: Transcrito | J14: 46302 | K14: 11 | L14: =INDEX(Formularios!$B$2:$B$6,MATCH(B14,Formularios!$A$2:$A$6,0)) -> 12 | M14: =IF(K14="","",K14/L14) -> 0.91666667 | N14: SIMULADO · En blanco: S51 (fuera de alcance)
A15: P12 | B15: =CHOOSE(MOD(VALUE(MID(A15,2,2))-1,5)+1,"A","B","C","D","E") -> B | C15: =INDEX(Formularios!$E$2:$E$6,MATCH(B15,Formularios!$A$2:$A$6,0)) -> 4–5 | D15: =IF(VALUE(MID(A15,2,2))<=Resumen!$B$4,"Base","Reserva") -> Base | E15: 30–44 | F15: Vendedora de mercado | G15: Sí | H15: Sí | I15: Transcrito | J15: 46302 | K15: 10 | L15: =INDEX(Formularios!$B$2:$B$6,MATCH(B15,Formularios!$A$2:$A$6,0)) -> 11 | M15: =IF(K15="","",K15/L15) -> 0.90909091 | N15: SIMULADO · En blanco: S52 (fuera de alcance)
... A24: P21 | B24: =CHOOSE(MOD(VALUE(MID(A24,2,2))-1,5)+1,"A","B","C","D","E") -> A | C24: =INDEX(Formularios!$E$2:$E$6,MATCH(B24,Formularios!$A$2:$A$6,0)) -> 2–3 | D24: =IF(VALUE(MID(A24,2,2))<=Resumen!$B$4,"Base","Reserva") -> Reserva | E24: 30–44 | F24: Mecánico | G24: Sí | H24: No | I24: Transcrito | J24: 46304 | K24: 12 | L24: =INDEX(Formularios!$B$2:$B$6,MATCH(B24,Formularios!$A$2:$A$6,0)) -> 12 | M24: =IF(K24="","",K24/L24) -> 1 | N24: SIMULADO · Reserva activada por los blancos de P16
A25: P22 | B25: =CHOOSE(MOD(VALUE(MID(A25,2,2))-1,5)+1,"A","B","C","D","E") -> B | C25: =INDEX(Formularios!$E$2:$E$6,MATCH(B25,Formularios!$A$2:$A$6,0)) -> 4–5 | D25: =IF(VALUE(MID(A25,2,2))<=Resumen!$B$4,"Base","Reserva") -> Reserva | I25: Pendiente | L25: =INDEX(Formularios!$B$2:$B$6,MATCH(B25,Formularios!$A$2:$A$6,0)) -> 11 | M25: =IF(K25="","",K25/L25) | N25: SIMULADO · Reserva no utilizada: el formulario B llegó a la meta
A26: P23 | B26: =CHOOSE(MOD(VALUE(MID(A26,2,2))-1,5)+1,"A","B","C","D","E") -> C | C26: =INDEX(Formularios!$E$2:$E$6,MATCH(B26,Formularios!$A$2:$A$6,0)) -> 6–7 | D26: =IF(VALUE(MID(A26,2,2))<=Resumen!$B$4,"Base","Reserva") -> Reserva | E26: 30–44 | F26: Ingeniero civil | G26: Sí | H26: Sí | I26: Transcrito | J26: 46304 | K26: 11 | L26: =INDEX(Formularios!$B$2:$B$6,MATCH(B26,Formularios!$A$2:$A$6,0)) -> 11 | M26: =IF(K26="","",K26/L26) -> 1 | N26: SIMULADO · Reserva activada por los blancos de P18
A27: P24 | B27: =CHOOSE(MOD(VALUE(MID(A27,2,2))-1,5)+1,"A","B","C","D","E") -> D | C27: =INDEX(Formularios!$E$2:$E$6,MATCH(B27,Formularios!$A$2:$A$6,0)) -> 8–9 | D27: =IF(VALUE(MID(A27,2,2))<=Resumen!$B$4,"Base","Reserva") -> Reserva | E27: 45–59 | F27: Panadero | G27: Sí | H27: Sí | I27: Respondido | J27: 46304 | K27: 11 | L27: =INDEX(Formularios!$B$2:$B$6,MATCH(B27,Formularios!$A$2:$A$6,0)) -> 11 | M27: =IF(K27="","",K27/L27) -> 1 | N27: SIMULADO · Reserva activada por los blancos de P04 y P09; falta transcribir
A28: P25 | B28: =CHOOSE(MOD(VALUE(MID(A28,2,2))-1,5)+1,"A","B","C","D","E") -> E | C28: =INDEX(Formularios!$E$2:$E$6,MATCH(B28,Formularios!$A$2:$A$6,0)) -> 10–11 | D28: =IF(VALUE(MID(A28,2,2))<=Resumen!$B$4,"Base","Reserva") -> Reserva | E28: 30–44 | F28: Vendedor ambulante | G28: Sí | H28: Sí | I28: Entregado | J28: 46304 | L28: =INDEX(Formularios!$B$2:$B$6,MATCH(B28,Formularios!$A$2:$A$6,0)) -> 11 | M28: =IF(K28="","",K28/L28) | N28: SIMULADO · Reserva entregada por los blancos de P05; falta que devuelva la hoja
A30: Ejemplo de fila completada (solo muestra el formato; no cuenta en los conteos):
A31: P01 | B31: A | C31: 2–3 | D31: Base | E31: 30–44 | F31: Comerciante | G31: Sí | H31: Sí | I31: Transcrito | J31: 46300 | K31: 12 | L31: 12 | M31: 1 | N31: Sin observaciones

Sheet Resumen
A1: Resumen de cobertura del Lote 1
A2: Celdas amarillas = parámetros editables. El resto son fórmulas que leen la hoja Participantes.
A3: Parámetro | B3: Valor | C3: Fuente / criterio
A4: Participantes base (rotación A–E) | B4: 20 | C4: Guía de aplicación del Lote 1 (Lote1_Formularios_lenguaje_real_v2): 20 personas, mínimo 15, ideal 25 a 30. P21–P25 quedan como reserva.
A5: Meta de respuestas por formulario | B5: 4 | C5: 20 personas ÷ 5 formularios = 4 respuestas por formulario (4 frases reales por intención). Guía de aplicación.
A6: Mínimo de respuestas por formulario | B6: 3 | C6: La Parte B se detiene si alguna intención queda con menos de 3 frases reales (Instrucciones_ClaudeCode_lote_real_v2.md, paso B1).
A7: Mínimo de participantes transcritos para iniciar la Parte B | B7: 15 | C7: Mínimo indicado en la guía de aplicación del Lote 1.
A8: Rangos de edad distintos para variedad “Buena” | B8: 3 | C8: Criterio de esta hoja para reducir el sesgo de una muestra de conveniencia; no es una norma.
A10: Cobertura por formulario
A11: Formulario | B11: Situaciones | C11: Asignados (incl. reserva) | D11: Transcritos | E11: Meta | F11: Faltan para la meta | G11: Cobertura
A12: A | B12: =INDEX(Formularios!$B$2:$B$6,MATCH(A12,Formularios!$A$2:$A$6,0)) -> 12 | C12: =COUNTIF(Participantes!$B$4:$B$28,A12) -> 5 | D12: =COUNTIFS(Participantes!$B$4:$B$28,A12,Participantes!$I$4:$I$28,"Transcrito") -> 5 | E12: =$B$5 -> 4 | F12: =MAX(0,E12-D12) -> 0 | G12: =IF(D12>=$B$5,"Meta cumplida",IF(D12>=$B$6,"Mínimo alcanzado","Insuficiente")) -> Meta cumplida
A13: B | B13: =INDEX(Formularios!$B$2:$B$6,MATCH(A13,Formularios!$A$2:$A$6,0)) -> 11 | C13: =COUNTIF(Participantes!$B$4:$B$28,A13) -> 5 | D13: =COUNTIFS(Participantes!$B$4:$B$28,A13,Participantes!$I$4:$I$28,"Transcrito") -> 4 | E13: =$B$5 -> 4 | F13: =MAX(0,E13-D13) -> 0 | G13: =IF(D13>=$B$5,"Meta cumplida",IF(D13>=$B$6,"Mínimo alcanzado","Insuficiente")) -> Meta cumplida
A14: C | B14: =INDEX(Formularios!$B$2:$B$6,MATCH(A14,Formularios!$A$2:$A$6,0)) -> 11 | C14: =COUNTIF(Participantes!$B$4:$B$28,A14) -> 5 | D14: =COUNTIFS(Participantes!$B$4:$B$28,A14,Participantes!$I$4:$I$28,"Transcrito") -> 5 | E14: =$B$5 -> 4 | F14: =MAX(0,E14-D14) -> 0 | G14: =IF(D14>=$B$5,"Meta cumplida",IF(D14>=$B$6,"Mínimo alcanzado","Insuficiente")) -> Meta cumplida
A15: D | B15: =INDEX(Formularios!$B$2:$B$6,MATCH(A15,Formularios!$A$2:$A$6,0)) -> 11 | C15: =COUNTIF(Participantes!$B$4:$B$28,A15) -> 5 | D15: =COUNTIFS(Participantes!$B$4:$B$28,A15,Participantes!$I$4:$I$28,"Transcrito") -> 4 | E15: =$B$5 -> 4 | F15: =MAX(0,E15-D15) -> 0 | G15: =IF(D15>=$B$5,"Meta cumplida",IF(D15>=$B$6,"Mínimo alcanzado","Insuficiente")) -> Meta cumplida
A16: E | B16: =INDEX(Formularios!$B$2:$B$6,MATCH(A16,Formularios!$A$2:$A$6,0)) -> 11 | C16: =COUNTIF(Participantes!$B$4:$B$28,A16) -> 5 | D16: =COUNTIFS(Participantes!$B$4:$B$28,A16,Participantes!$I$4:$I$28,"Transcrito") -> 4 | E16: =$B$5 -> 4 | F16: =MAX(0,E16-D16) -> 0 | G16: =IF(D16>=$B$5,"Meta cumplida",IF(D16>=$B$6,"Mínimo alcanzado","Insuficiente")) -> Meta cumplida
A17: Total | B17: =SUM(B12:B16) -> 56 | C17: =SUM(C12:C16) -> 25 | D17: =SUM(D12:D16) -> 22 | E17: =SUM(E12:E16) -> 20 | F17: =SUM(F12:F16) -> 0 | G17: =IF(AND(D17>=$B$7,MIN(D12:D16)>=$B$6),"Listo para la Parte B","Aún no") -> Listo para la Parte B
A19: Mezcla de edades por formulario
A20: Formulario | B20: =Listas!$A$2 -> 18–29 | C20: =Listas!$A$3 -> 30–44 | D20: =Listas!$A$4 -> 45–59 | E20: =Listas!$A$5 -> 60 a más | F20: Rangos distintos | G20: Variedad
A21: A | B21: =COUNTIFS(Participantes!$B$4:$B$28,$A21,Participantes!$E$4:$E$28,B$20) -> 1 | C21: =COUNTIFS(Participantes!$B$4:$B$28,$A21,Participantes!$E$4:$E$28,C$20) -> 2 | D21: =COUNTIFS(Participantes!$B$4:$B$28,$A21,Participantes!$E$4:$E$28,D$20) -> 1 | E21: =COUNTIFS(Participantes!$B$4:$B$28,$A21,Participantes!$E$4:$E$28,E$20) -> 1 | F21: =SUMPRODUCT(--(B21:E21>0)) -> 4 | G21: =IF(SUM(B21:E21)=0,"",IF(F21>=$B$8,"Buena",IF(F21>=$B$8-1,"Media","Baja"))) -> Buena
A22: B | B22: =COUNTIFS(Participantes!$B$4:$B$28,$A22,Participantes!$E$4:$E$28,B$20) -> 2 | C22: =COUNTIFS(Participantes!$B$4:$B$28,$A22,Participantes!$E$4:$E$28,C$20) -> 1 | D22: =COUNTIFS(Participantes!$B$4:$B$28,$A22,Participantes!$E$4:$E$28,D$20) -> 1 | E22: =COUNTIFS(Participantes!$B$4:$B$28,$A22,Participantes!$E$4:$E$28,E$20) -> 0 | F22: =SUMPRODUCT(--(B22:E22>0)) -> 3 | G22: =IF(SUM(B22:E22)=0,"",IF(F22>=$B$8,"Buena",IF(F22>=$B$8-1,"Media","Baja"))) -> Buena
A23: C | B23: =COUNTIFS(Participantes!$B$4:$B$28,$A23,Participantes!$E$4:$E$28,B$20) -> 1 | C23: =COUNTIFS(Participantes!$B$4:$B$28,$A23,Participantes!$E$4:$E$28,C$20) -> 2 | D23: =COUNTIFS(Participantes!$B$4:$B$28,$A23,Participantes!$E$4:$E$28,D$20) -> 1 | E23: =COUNTIFS(Participantes!$B$4:$B$28,$A23,Participantes!$E$4:$E$28,E$20) -> 1 | F23: =SUMPRODUCT(--(B23:E23>0)) -> 4 | G23: =IF(SUM(B23:E23)=0,"",IF(F23>=$B$8,"Buena",IF(F23>=$B$8-1,"Media","Baja"))) -> Buena
A24: D | B24: =COUNTIFS(Participantes!$B$4:$B$28,$A24,Participantes!$E$4:$E$28,B$20) -> 1 | C24: =COUNTIFS(Participantes!$B$4:$B$28,$A24,Participantes!$E$4:$E$28,C$20) -> 1 | D24: =COUNTIFS(Participantes!$B$4:$B$28,$A24,Participantes!$E$4:$E$28,D$20) -> 2 | E24: =COUNTIFS(Participantes!$B$4:$B$28,$A24,Participantes!$E$4:$E$28,E$20) -> 1 | F24: =SUMPRODUCT(--(B24:E24>0)) -> 4 | G24: =IF(SUM(B24:E24)=0,"",IF(F24>=$B$8,"Buena",IF(F24>=$B$8-1,"Media","Baja"))) -> Buena
A25: E | B25: =COUNTIFS(Participantes!$B$4:$B$28,$A25,Participantes!$E$4:$E$28,B$20) -> 1 | C25: =COUNTIFS(Participantes!$B$4:$B$28,$A25,Participantes!$E$4:$E$28,C$20) -> 2 | D25: =COUNTIFS(Participantes!$B$4:$B$28,$A25,Participantes!$E$4:$E$28,D$20) -> 1 | E25: =COUNTIFS(Participantes!$B$4:$B$28,$A25,Participantes!$E$4:$E$28,E$20) -> 1 | F25: =SUMPRODUCT(--(B25:E25>0)) -> 4 | G25: =IF(SUM(B25:E25)=0,"",IF(F25>=$B$8,"Buena",IF(F25>=$B$8-1,"Media","Baja"))) -> Buena
A26: Cuenta solo a los participantes con rango de edad registrado en la hoja Participantes.

Sheet Formularios
A1: Formulario | B1: Situaciones | C1: Pág. inicial | D1: Pág. final | E1: Páginas a imprimir
A2: A | B2: 12 | C2: 2 | D2: 3 | E2: =C2&"–"&D2 -> 2–3
A3: B | B3: 11 | C3: 4 | D3: 5 | E3: =C3&"–"&D3 -> 4–5
A4: C | B4: 11 | C4: 6 | D4: 7 | E4: =C4&"–"&D4 -> 6–7
A5: D | B5: 11 | C5: 8 | D5: 9 | E5: =C5&"–"&D5 -> 8–9
A6: E | B6: 11 | C6: 10 | D6: 11 | E6: =C6&"–"&D6 -> 10–11
A7: Total | B7: =SUM(B2:B6) -> 56
A9: Situaciones en el catálogo | B9: 56
A10: Verificación | B10: =IF(B7=B9,"OK","Revisar") -> OK
A12: Fuente: Lote1_Formularios_lenguaje_real_v2.pdf (11 páginas; la página 1 es la guía del tesista y no se imprime) y situaciones_lote1_v1.csv (56 situaciones: 12 en el formulario A y 11 en cada uno de los demás).

Sheet Listas
A1: Rango de edad | B1: Sí / No | C1: Estado | E1: Definición de los estados
A2: 18–29 | B2: Sí | C2: Pendiente | E2: Pendiente | F2: Aún no se aplicó el formulario.
A3: 30–44 | B3: No | C3: Entregado | E3: Entregado | F3: El formulario se entregó a la persona.
A4: 45–59 | C4: Respondido | E4: Respondido | F4: La persona devolvió la hoja respondida.
A5: 60 a más | C5: Transcrito | E5: Transcrito | F5: Las respuestas ya se pasaron al archivo de la Parte B.

Sheet Notas
A1: Notas de uso, criterios y fuentes
A3: Cómo usar
A4: 1. Asigna a cada persona un código (P01 a P25) que no permita identificarla. El formulario y las páginas a imprimir salen solos en las columnas B y C de la hoja Participantes.
A5: 2. Completa solo las celdas amarillas: rango de edad, ocupación, si vive en Juliaca, si hizo un trámite el último año, estado, fecha, situaciones respondidas y observaciones.
A6: 3. Avanza el Estado: Pendiente, Entregado, Respondido y Transcrito (Transcrito = respuestas ya pasadas al archivo de la Parte B).
A7: 4. Revisa la hoja Resumen. Cuando el total de transcritos llega al mínimo y cada formulario llega al mínimo, aparece “Listo para la Parte B”.
A9: Criterios de reclutamiento
A10: • Se usan los cinco formularios (A–E) y cada persona responde uno solo. Cada situación aparece en un solo formulario: omitir uno deja intenciones sin frases reales.
A11: • P01–P20 son la base (4 respuestas por formulario). P21–P25 son reserva por si alguien deja varias situaciones en blanco.
A12: • Las personas que reciben el mismo formulario deberían tener edades y ocupaciones distintas (tabla de mezcla de edades en Resumen).
A13: • Las frases las escriben los participantes, no el tesista ni una IA.
A15: Fuentes y supuestos
... A25: • No hay frases reales detrás de estos registros: para la Parte B se debe reemplazar esta hoja por el seguimiento de la aplicación real (criterio de la línea 13).
